{"version":4,"hash":{"type":"Buffer","data":"NfpQviyGnfPYh7Sa5zJrxuYL8+Q4HYAUAMh1ZLxBLTRn5k29YNUynUGm2Lttj0o0l3qasTImyvryHuaEzBWOHoMnHd8tjmX5Rp+5FFJapuhiCSgBj0GjMJXRv0L1VCMcGFUoRNUrta1RMrkyUfjmMp15EmkgE5yysF4PqKgRgos="},"indexValueMap":{"vYrEaSeM6JoGdgdV80S8pOUkOFl359k6b6C8r7uKrnM=":{"valueMac":{"type":"Buffer","data":"2631lyk+1ZCWMksmvXgZlSocHOco+J7VlWJdBq4cBxs="}},"nv/yD2ho17vSNFZnwzMrHKU2/qaPw6QnGK8+YYBxN70=":{"valueMac":{"type":"Buffer","data":"VzTmAeRIAQEJZj/j1zL16a9hs5K9/lecJ96NW6OzB7g="}}}}