{"version":11,"hash":{"type":"Buffer","data":"t+vbV3ogp7dyraOqK6tkUZsj7w+Lzh8t09d8xR7MK5GW7a878pgCD+GcshvPG/fhLGPzyYZut+IzuSetrzEA4at/ypafDEk/JcunduQiKkdy5rsDhJwgg8RdlfgQ6+vDQNi2ZmoHc522sFyWh5GTVY+RLnGhPFb4M/vqQpZsHA8="},"indexValueMap":{"AHPz4ARALP5WFdrM3X8o68F9Ur3t2EpJ9Tk9y6zI1WY=":{"valueMac":{"type":"Buffer","data":"YyaEQnvivc7QG2/gFRxJ8Ewx7CmMmVl4zDjaIWsQMXQ="}},"Utigz5wGMPYas72ir5Bl+QNkfyLVeWKgw5Ju8zLNkx4=":{"valueMac":{"type":"Buffer","data":"yJNL9FpbjksWtrInm2Rebk8TnI0OtrFZBRGZWEoDTTI="}},"hXuArWriYnzoJVPDjs3fBdlbRc+pfUxp6A9YS3bDxWs=":{"valueMac":{"type":"Buffer","data":"uWZ88BopuCXkdWMW5nmhjbAmXlJjwsmODqpU5IAoDus="}},"vYsmO7BaUSae8RccB2sLqPdiATKr7efig5VGsU2eOi0=":{"valueMac":{"type":"Buffer","data":"who83st52F9Vkvc4iAcGYdjPvfyAGiSt/lO/rGeIRrk="}},"y+Od6ZntI2Zocv2hqZSH2PypoN0HashHV2Eed60PwRM=":{"valueMac":{"type":"Buffer","data":"R2HdB4y46zicj62TzRkRTx6c9Zniq2xCypVhbZ3ESZg="}},"9YHJEmtmq4SDrb0oGNVsIDQYbJkLL956mIWFlUf1wRA=":{"valueMac":{"type":"Buffer","data":"3bYr+B1/tPbGIipcwXjh5Suxpz1ZQqAhoii6P83/XEU="}},"p/x7WW90PqZ1UxJnkkTpieTAd12jZZJ6BgI+CnH6KV8=":{"valueMac":{"type":"Buffer","data":"8vl+bMveYZfkE86aMfLQ4gPMfF9Wh+owhiSZIzTqi0U="}},"DEblaY9ok0FOzZBA5URzviygKaZv1YX1WG49WQcivNI=":{"valueMac":{"type":"Buffer","data":"5RaecGIGolQvcaV/hvJIqEIG8WM/OoQYYUNhcscyuBs="}},"J6SM7MoEx+TqX9OfMcMqxE4MgCS4qM8GBcaRqgA89UA=":{"valueMac":{"type":"Buffer","data":"nb25q0S8N0re+TzJhIIM03Awnol7N9DsoTwvPrwgGdo="}},"4QeGE02DbpG0KbvrB41cGWnsA6JMfNfpas1Zzxgo5C4=":{"valueMac":{"type":"Buffer","data":"DF+3ZsiK7d52p42Y2uYvf7xGQrnFzvuf39gOsipww8w="}},"92iPSZGiFA4CcqKUcNS4KIkKDJqkRYofFI4tLUbFPII=":{"valueMac":{"type":"Buffer","data":"BnW+EjFV0pKkUVg+VAvVlSh1QwhyDfDkd0wQnlgh8kw="}},"OnDmes4J1hnvhVUoqm+3pIqMfoxFBju1t2l8La/7fwM=":{"valueMac":{"type":"Buffer","data":"r+E0QnWI0PaMYiplvw9KENJCPz8Sa+4wGo3ahFvuUmA="}},"1Unh3rcc3IgpyQfabRvXYVlbexviqaKz3YIy70B9sRA=":{"valueMac":{"type":"Buffer","data":"49TZ9iGcMwvmde1vzhIjNMdU17KgGaTflmfV6YJyS5U="}},"7TFpZoUvijOHqYPKWm08Z3PnvAl/5YTgFOVH40OM7PU=":{"valueMac":{"type":"Buffer","data":"0hNK2YxW+3YKTtnMCAoUJMK1MtK1BYNB32wAeyISQHU="}},"IuWGqsgVkGBBSQm9TX+monONkyxjEoPAAFO5ROVDH+E=":{"valueMac":{"type":"Buffer","data":"5XVmjUPmrs5FktWlVWyLakL1LHOxfxJrqLbbylzBRhU="}},"29616fM7lKpVOUCDdj+aokPewKx08XqEG2ovqpi2ISg=":{"valueMac":{"type":"Buffer","data":"eKUCOnVT815dWWnhI52UDqnkmCJNI2xce5zijlcndWk="}},"jJBpsU42/9ubGfFrO2aXO0FElLFLa2dxJI1BEkdJZ8U=":{"valueMac":{"type":"Buffer","data":"gaQCDdlrVAtfG57L63/LNdHZbBE7mgMPGEriE/VnhNw="}}}}