{"version":18,"hash":{"type":"Buffer","data":"4zl63xrKmm7LghZPP2OZNLZzwXJGY80CLytNsgAOn36gBbUa24LGMhQmD/Dj6N+y04U4mcxH2LHcJ3ELCPXmIu76iFNuerNLR7k0iYzLktDWMtnLKPlilcdFYdD+0lMJnUUsHEkvthmrOd5nfuojEjwsw+skaeHrs7cnzWuleIk="},"indexValueMap":{"WGqR4yJXNKYsSlxS2jJHbac8XPMPwlISrG86rPbz3Zs=":{"valueMac":{"type":"Buffer","data":"4wLGrrwC42g/wrfxSAsZabMXeMSDEUqn4dGz0Ae32Sk="}},"amhzhKmulSOCCIqbFxiZ3bjAIVzpnfWu4ZFTVI+JyOw=":{"valueMac":{"type":"Buffer","data":"V2/nTcPOHyB/wlTFfneUbBouZLlGcW3SyVMNpbsof3Y="}},"fuLoxQ0B/7bhf8r8vjYpNSENGIM7iPgNksGpKUBpERs=":{"valueMac":{"type":"Buffer","data":"uIbAZBChQdOwlHkBhfoCgTkc0uLPW6DLcCiXJaKFwyQ="}},"slaCSPZGgD8H8ZUYYFk/T6ed8xgSUyGNM6P2S3nPanQ=":{"valueMac":{"type":"Buffer","data":"kce+bKsnnmLjzEewRo3a7qDCWR2RET2V8UGcSCR9yz8="}},"vh9F9n8hrCiVfRut5pputygxf2SFMTYNhefqJOkQPfs=":{"valueMac":{"type":"Buffer","data":"rCnTg3nliPUUZcpf/+lxzSLeh3PIt+D9MqYxlNte+bQ="}},"4KXTcBpcvx9XZYvRFrENoMKINK4tXCSjaGYwfQdr8Bg=":{"valueMac":{"type":"Buffer","data":"gI6OvleJyeMZYNC6UyOYdTRQmVdqayysEl23isulrpk="}},"Yn0fyJFYLtB9afJ4U9vHaLkgofAwHpYsXQCCNMxyt7Q=":{"valueMac":{"type":"Buffer","data":"17HKNswvdPMj21J2tp96Fv+h1Lu6vw/C2cqYwjJkh1w="}},"7BT0fblZ4r4HqlQWYbgphsS9vuNfPXGHsnQ/UdMJ2KM=":{"valueMac":{"type":"Buffer","data":"zsSAi1jjigRnD6E1PYBU3gLdpR/8x7QnohpBaWLx8zc="}},"cUB0pgjqUNMeKlyb59PmBfmVtdYdx408CQyv8+tXDuY=":{"valueMac":{"type":"Buffer","data":"3Ul6JGMuhSzp7ZqAauNKubscwM42fwPlNbKgLll+lYc="}},"iGtIKuScmZzea847/6Iz225Hb0XMSCan7UhhYmKsxx8=":{"valueMac":{"type":"Buffer","data":"+VK1WcxZnSJzyQR/Mu9RiWqd5NTBQ92H+oRvUlh9Uw4="}},"V7mmCxi7u6d0amXe8J4V/rOsZFGcqydaCmL7usIxOUM=":{"valueMac":{"type":"Buffer","data":"UZp8WDFsBvkbkkD+8onMXrzNfSNOJUEEMf1mJ2PT6BM="}},"5dFpHoj4Q+2g1doyKgS4yxQQyvIIFirG94nseU5zUWA=":{"valueMac":{"type":"Buffer","data":"Y8qcfTytK8njFFFepKQc5IJS6nLVPGQDyOdwSCHDBa4="}},"6N9OmJCt277BrA2OrY+RtjucTMEWzKPunxk6kH3qZnA=":{"valueMac":{"type":"Buffer","data":"SsEQbZHixLrvDMkagQYflCNc+L5OqFWo8TGZiexfpoM="}},"K7bbhxlZFSh1O+l+OD07dLnMSx9iMx/oPfGFqMJjhCk=":{"valueMac":{"type":"Buffer","data":"k7zZX0kzha3etn4nFXvVFomFHKiq2+pJFb1lUJg7I0U="}},"YbDgcm/Z5BeStJOGRo8yMVEvUdlB6eYcZpSfBqoGKuA=":{"valueMac":{"type":"Buffer","data":"UdeXZ9BF3n5UdcL5caJ7XDYUp30wN5NINPpQqzDS6aI="}},"idnqI0tlLtN8BQM1oojwtaIjSag1y/58nqCa3Rdm1+Q=":{"valueMac":{"type":"Buffer","data":"fwFHnx6xkjsqS/Ifbyy95wIvnDwvS6s0Lil31iX4RTQ="}},"wHj6Tb9ODgc9PKkiuaug4T8/PPcG1b/3UL8mcmE26eM=":{"valueMac":{"type":"Buffer","data":"nHDBuehQofVjD+8SB+3CE5GgthEG62RBCJd48qwYXeI="}},"tTwY7PTW5PYzxoa9vTmGUpUNo1BD0KRNaPyNZVmYcbE=":{"valueMac":{"type":"Buffer","data":"aZJKb8CP2r152r+Z2O8KRHp7cy8a7DmJq1f+0L/yhZo="}},"pFh7qN5qQHrGGb8EZlfUizzoXm1kYfF5LkBKK8NPDBU=":{"valueMac":{"type":"Buffer","data":"diFnkyjRLrwO5+HsjdvzomcISdHI+nXaOv6IRYhSuOM="}},"pUaZkprg0Ny8pJ7abOuscNuINCvgqiQtJh8AkXNcVD0=":{"valueMac":{"type":"Buffer","data":"tE7bK47MTfQJ7X7WK19NYTYPVUb/mwphh2tBW2yzP0M="}},"zeGc+CHImK0IUk2jHR7KtjZEQ1sQdTstO7ERswyBjys=":{"valueMac":{"type":"Buffer","data":"frUqiBsyQeuiJ+4R6Iy7y7voUiu2ukvn4rE2fGEAvfI="}},"/UOtuJXYJbV50B54n6LewRtNvuP1twOkfKEcz2bllq4=":{"valueMac":{"type":"Buffer","data":"7IoVoH/4BbyabHAzL7tWyDMn6vgpllZ4brUEk+Rgpic="}},"axobkKID0cVXym6/df+ruHlXWtNvi78tcff0QCarOOE=":{"valueMac":{"type":"Buffer","data":"Nn2sHI2lkB7Jwld1fLkr49CEh44KC8Yyk6a/dDGsT+Q="}},"XRrcudG21Bn8Dem89XbJ6d5jTtlfOWV4hlY3gxWoOMk=":{"valueMac":{"type":"Buffer","data":"3566E95/hywau3ofxawN2RL4NJJZ+RgUJuqj8t+UfJQ="}},"fHy98bOS5wGP7IQ/u0lL83PUFyYWvD5GWb3AP86x0/Q=":{"valueMac":{"type":"Buffer","data":"82VyVaVFjTzzMNojAUkxW2QAgP7gEk9vRy0GXUkZLOY="}},"vbzRbMm4fMORwhoSE2LDi2qyX3f75/vapd7ZSKAJSvQ=":{"valueMac":{"type":"Buffer","data":"cUmj5sKK4kwsW8uyyMiEyFL+jK9E1Cqd3giNivA2d88="}},"PUlq0GsthPIJ2J/a3JQFn9CHcreBpuMDupzPDyxFaB8=":{"valueMac":{"type":"Buffer","data":"LmQlEUlwPj+zzG2/t4I7PVZ/ggc5wMkKtOmM3SOx9RQ="}}}}