{"version":11,"hash":{"type":"Buffer","data":"AJlrViQlGJkqNsf0CWT0Sgkc/A4cl+TGkZ5drGS1cCXa+7ETyjxzSfHZKzJYSvnciOnnEbbvoGjBhRn5UDKhWMRA1iNEG1hbEwqgCQES3a7011buQ9VUB/a05AR3D+6Hcc2Byr5iOcZ/oS2uG+jTFzwX4LKxfBUVqhiJRVHaeVs="},"indexValueMap":{"C101bspSc4yqY2wy3K+ZIR21U4jmSami3EwzBfS9V4A=":{"valueMac":{"type":"Buffer","data":"AQxIoNhkNaqtBG6KHfcMO13ZAKfaaV4x1RtpTjWnV9g="}},"fVLt7F9Mj1oGp3iwrEAodLk6YHwZyqghDd3bmmtLIU8=":{"valueMac":{"type":"Buffer","data":"yN9PaySx/oOdcliv9Jk+pdijLuJUOotAL2erxYfQv9Q="}},"FqZGsmwg1AHR0m5BkTHBNP88J67jQlEwF9Z4UiLtbmo=":{"valueMac":{"type":"Buffer","data":"vO0iaswhtN8DfjIyBciuq4lccPne6vmLgC2qOO2YZuE="}},"UoLkjFTbuJmZKLAqKPMN5nMawWuIeFymRECUD1LsdNg=":{"valueMac":{"type":"Buffer","data":"hB78k8vDIA9bgWH/Vq0FOBlb+CaiyBnaXxAqGfDX/zY="}},"/BDTKFmbtJvfMvQWrwjNpzhmhV1+7OyvDXLsNeUdlKM=":{"valueMac":{"type":"Buffer","data":"FLurF0R535o2uRCfNAwDCGyJ5o+Pj9Kug9zFdY+4Ll4="}},"hdQbdxVQs3qdR7Pmcx7r0XHB1ZBTF0Si9qf3gMQejrQ=":{"valueMac":{"type":"Buffer","data":"SjuMmR+lLdafjKsvjsrQkwhP13gSW9g3HqYWWds+oCM="}},"s0KmX/lntPk3BtH8bmr04qQ9YbN7HSvq1oC4k0FhDvk=":{"valueMac":{"type":"Buffer","data":"r1Xe+ea/vXVX6vRgvVCWjLUWREm5kKAD9xX2PVpJ3w4="}},"k93zsPjSl2wtYaAa6UsGNOVXIFnFE0YoLlZtVpPCtZg=":{"valueMac":{"type":"Buffer","data":"z0yviRZ4E92lecnqBIXbgij3lP2VWOi2L6c83iQK0Pg="}},"WIkin9htJwUENRQV7Djv6J+fHERulsCYeFiJpzK+vqI=":{"valueMac":{"type":"Buffer","data":"eLlEdFABu7uuU6XStiIWKUGx5cNLRUQ73RuLsfKtEWM="}},"FT+iKhCYreCfPof7IyXRDJ0DalooI/qiFs8u2kC25/k=":{"valueMac":{"type":"Buffer","data":"2gI1h1qm848RsIrdI0vFT32F0Rty1/aiRRqw4rm8Yh0="}}}}