{"noiseKey":{"private":{"type":"Buffer","data":"ULYEjrtWRrmO+gLtpIfC64QgdEvmVCZRb6rKoxDY/GI="},"public":{"type":"Buffer","data":"Mub4cyjobBprhq/tjzxFmo5bCmoz8fvP9VhNh94BfzY="}},"pairingEphemeralKeyPair":{"private":{"type":"Buffer","data":"QBnNYiCY2D3oydCMJEA3iNTdhVfANiVQET77G0nKXGg="},"public":{"type":"Buffer","data":"lHpvyh8mQDbdVFGABF2/7guNtiHHxZkR0QVUWXJQOlw="}},"signedIdentityKey":{"private":{"type":"Buffer","data":"SJrG00kf1R8xfnKz5HZel7iEZcBZOps/cWBMIQ4qQVo="},"public":{"type":"Buffer","data":"bYz40ICT42kKw7X/MIaPVkifNPyPREsCsZ1ua8DS/yc="}},"signedPreKey":{"keyPair":{"private":{"type":"Buffer","data":"SOIhHDETg2a6S2kEYLdJ+gfvHMx1u1E/r6MG76NPIVE="},"public":{"type":"Buffer","data":"tnxtdDASGch6vGnWwgSfmgMtCNUVTWyqV0amQLajdi8="}},"signature":{"type":"Buffer","data":"XQJ7+0yggR5KdI9TUfEz6vtnipwY8I/Wc9dkFHKNpyb6lpfx/Wenb6sgDm1TNPj1xpqOqtBGlD9h1fABN1GJjQ=="},"keyId":1},"registrationId":47,"advSecretKey":"466hEawhi75E5Z27va8UP5TY3yA96gESP3xV0cF7F5o=","processedHistoryMessages":[{"key":{"remoteJid":"6285965956856@s.whatsapp.net","fromMe":true,"id":"60527A3C19484572491A039C30D2BB88"},"messageTimestamp":1703400248},{"key":{"remoteJid":"6285965956856@s.whatsapp.net","fromMe":true,"id":"CA008CC1395CD139B86FBA44A6280F81"},"messageTimestamp":1703400249},{"key":{"remoteJid":"6285965956856@s.whatsapp.net","fromMe":true,"id":"B06085251FD04B2A2173B35521757FF4"},"messageTimestamp":1703400282},{"key":{"remoteJid":"6285965956856@s.whatsapp.net","fromMe":true,"id":"A357702BEDB14D42C33439A420E7199B"},"messageTimestamp":1703400338}],"nextPreKeyId":31,"firstUnuploadedPreKeyId":31,"accountSyncCounter":1,"accountSettings":{"unarchiveChats":false},"deviceId":"3m7qQRv0RySPaaM21i5pmg","phoneId":"f3a1e590-1720-4ff9-8fef-0fd529778118","identityId":{"type":"Buffer","data":"vNvezTJ4jyVElDJrVSRrSpSjYR4="},"registered":true,"backupToken":{"type":"Buffer","data":"xlkElmBPAHsSLY3jQ7qG87TtWQ0="},"registration":{},"pairingCode":"QVDSSKM6","me":{"id":"6285965956856:25@s.whatsapp.net","name":"felizz","jid":"6285965956856@s.whatsapp.net"},"account":{"details":"CNqHuskBELCmn6wGGAEgACgA","accountSignatureKey":"5R4sUyHrWQIUxWvvJh2D8WS8Y2Ary5oBP020m9VSkCg=","accountSignature":"iEMRGqXtmNqMPH0KY/d50CSlDlQH6gqaE5VDIdtq5V7Lg0P3UCdGPG1oHBpV8tTBbZcB5+LB1M+KYVsMQ0g8Bg==","deviceSignature":"m5uUB18kT6joTp2eL9x677W6NCTmsll4s1jgIKF10kqKl7fi6gR14fr80OkotDb2kxf7QwMkT5tg1hvUIXEuhg=="},"signalIdentities":[{"identifier":{"name":"6285965956856:25@s.whatsapp.net","deviceId":0},"identifierKey":{"type":"Buffer","data":"BeUeLFMh61kCFMVr7yYdg/FkvGNgK8uaAT9NtJvVUpAo"}}],"platform":"smba","lastAccountSyncTimestamp":1703402676,"myAppStateKeyId":"AAAAAKWr"}