{"_sessions":{"Bdxg0u39iKuqJhFAmW/qvXhVLfkVWgu/KROIGqXwZdlF":{"registrationId":1018925422,"currentRatchet":{"ephemeralKeyPair":{"pubKey":"BT6BJm05fb47KUTAbJIAi8YW+scYVRSLN9nkzESVDggQ","privKey":"yBRhnSP1MAqFNGqKYvNKVnC6hJJ/NQ8Kxz99p1p4Smk="},"lastRemoteEphemeralKey":"Bat+7oYGvuNtOm8d/2EZtYpSO97Cu5RyhmOD/nnOM6s1","previousCounter":0,"rootKey":"plCxokeGXHK4AxVh2Chmw0nwP6vhvKXCEpWyv9MOrQw="},"indexInfo":{"baseKey":"Bdxg0u39iKuqJhFAmW/qvXhVLfkVWgu/KROIGqXwZdlF","baseKeyType":2,"closed":-1,"used":1703400911501,"created":1703400911501,"remoteIdentityKey":"BTEzMWxPjDVE8iVWe6SN2F1SYedILnq5nJdoSlPAwrwv"},"_chains":{"Bat+7oYGvuNtOm8d/2EZtYpSO97Cu5RyhmOD/nnOM6s1":{"chainKey":{"counter":0,"key":"vNqxBIJlBA4+8Fo1G6gmaDzVja3925UjBjKboeTLYoc="},"chainType":2,"messageKeys":{}},"BT6BJm05fb47KUTAbJIAi8YW+scYVRSLN9nkzESVDggQ":{"chainKey":{"counter":-1,"key":"O7EsEWX6/tn3Cbu0amm/yuOASZIioH0oXfVVKc1EFw0="},"chainType":1,"messageKeys":{}}}}},"version":"v1"}