{"_sessions":{"BXSTx4USNJ1Wlmpc9Io8TX9eUJvUy/xCzJqWXMloSbEh":{"registrationId":855595310,"currentRatchet":{"ephemeralKeyPair":{"pubKey":"BQ3zJ/8DgkpofuIAkCSDt33LXYcxDE/rJ/eTnXNEYA4W","privKey":"WP/TauMPpOs1MQda4vczMQQW7ukThuIN7Lfwtc5gg00="},"lastRemoteEphemeralKey":"BX+MvaOoGUPlQQ+IOL7zDVMxOp8Zh5F/+zTVguuc0lA6","previousCounter":0,"rootKey":"Xv7qMAKOvoflSGBG46LnhtGVfDXs8BIdYC6DuHbcbDA="},"indexInfo":{"baseKey":"BXSTx4USNJ1Wlmpc9Io8TX9eUJvUy/xCzJqWXMloSbEh","baseKeyType":2,"closed":-1,"used":1703400927497,"created":1703400927497,"remoteIdentityKey":"Bbf62vNDi80EmA5EceNma3KGWDkwQqhXXBtS6wmWFhRJ"},"_chains":{"BX+MvaOoGUPlQQ+IOL7zDVMxOp8Zh5F/+zTVguuc0lA6":{"chainKey":{"counter":0,"key":"7l1ZFZlHL315vu4i5sxKymLp4S6WI02QkxP9iKdoI/Q="},"chainType":2,"messageKeys":{}},"BQ3zJ/8DgkpofuIAkCSDt33LXYcxDE/rJ/eTnXNEYA4W":{"chainKey":{"counter":-1,"key":"DOP9um4xllgGY+SWvoSpe55Gjg2q7e82ZIFNXQ+tuYo="},"chainType":1,"messageKeys":{}}}}},"version":"v1"}