{"_sessions":{"BRdx92fDut1vlrwqbf21uLPAvd5aiZ/LKJy8ORMPbWQ1":{"registrationId":387299125,"currentRatchet":{"ephemeralKeyPair":{"pubKey":"BaNBCsjwr/cZgdqoTMdWFcu1eEYouBWn1MuA9QkIcvlo","privKey":"QIl/zAZ33Le83cvXRp4BvssHKncFbBIPv0hjibSVi0o="},"lastRemoteEphemeralKey":"BYQj9pTdL+FxISA2g/+6ltzX/KHXFIKhij8t2DtU8ttX","previousCounter":1,"rootKey":"iMi5LXTLjh6Kr39JDeaqDF2RupEsKpPn9e3ng1mgVq8="},"indexInfo":{"baseKey":"BRdx92fDut1vlrwqbf21uLPAvd5aiZ/LKJy8ORMPbWQ1","baseKeyType":2,"closed":-1,"used":1703404337322,"created":1703400246046,"remoteIdentityKey":"BeUeLFMh61kCFMVr7yYdg/FkvGNgK8uaAT9NtJvVUpAo"},"_chains":{"BULBDHY07ms83pvPt4Mcknt8w46fqp6YAO5zWq4z9ssR":{"chainKey":{"counter":8},"chainType":2,"messageKeys":{}},"Bdy2Rs+KgYscaZRPXLcqFlr/k/J2c4z5++jNynPc78g2":{"chainKey":{"counter":3},"chainType":2,"messageKeys":{}},"BQ4gZj0SooKI+HYoCeDb+2QvzVyoI1kZvNCKCzfk5Vkv":{"chainKey":{"counter":0},"chainType":2,"messageKeys":{}},"BY4LTc2aRcfPeYdZnCJrB4xJc3/ZmflpkvwTKio8DWNP":{"chainKey":{"counter":0},"chainType":2,"messageKeys":{}},"BXqcDat/iX2x4xyZMcw8yK4ik5GNEZ7vK+Pxhduwj6du":{"chainKey":{"counter":1},"chainType":2,"messageKeys":{}},"BZWErB0QrCU+/jxJXlZ9I9qMUGBKWcHcONV7zGy2Khsf":{"chainKey":{"counter":0},"chainType":2,"messageKeys":{}},"BZV8w3/x5cEBdDPW4yFnKELRx3dtXICFNvNUQgnv1PwJ":{"chainKey":{"counter":3},"chainType":2,"messageKeys":{}},"BYGDgJQuZ+i3X6mKIpj7V150KForOW0nVYZbUWIrVi1Z":{"chainKey":{"counter":0},"chainType":2,"messageKeys":{}},"BRKy045uB/Wsbvj5WZ+DbJcBchL+F6wlsJB3jUmQNt1g":{"chainKey":{"counter":0},"chainType":2,"messageKeys":{}},"BXTjiN8KqQkjQmLXRfq3QkULedpmAut8uqQ0dEkS6D8h":{"chainKey":{"counter":0},"chainType":2,"messageKeys":{}},"BWSTs7ruOhrFY/6Pwrzs3ekkUs2xgHli2tplQiFbINYR":{"chainKey":{"counter":0},"chainType":2,"messageKeys":{}},"BRhS5sMDNNeE9EJ02UV8LweTJHvP9k+xEdyYpD6xgJAs":{"chainKey":{"counter":0},"chainType":2,"messageKeys":{}},"BeKkkuAZx1IwJ9w89/c4Tf1KOGwq6ZgwJxw2dieSAjoA":{"chainKey":{"counter":2},"chainType":2,"messageKeys":{}},"BYQj9pTdL+FxISA2g/+6ltzX/KHXFIKhij8t2DtU8ttX":{"chainKey":{"counter":0,"key":"UyNKeJDvxR0/XYvDLLr6W40OxAFs3Y7qIip/OYNvrII="},"chainType":2,"messageKeys":{}},"BaNBCsjwr/cZgdqoTMdWFcu1eEYouBWn1MuA9QkIcvlo":{"chainKey":{"counter":7,"key":"RHHc3U2Oe+9gvuxCQtZPInLYKlQnqvSEuExhKL290bw="},"chainType":1,"messageKeys":{}}}}},"version":"v1"}