{"_sessions":{"BbeQAGtuvP24g8EzQ68zGKPTyr74ZTLyxfCT6ecnNUVt":{"registrationId":96090292,"currentRatchet":{"ephemeralKeyPair":{"pubKey":"BQ+Cs3sXFRU7iu9ajbAJipCbaqcr3pmf1eR9h0Yu1Ldz","privKey":"sCXSacOSyGWskcnVYBWz6iaZ7YHjkX9uFhmGfsWMuH0="},"lastRemoteEphemeralKey":"Bdav1/FF2m/t3kV/t1gLXZDuiPJjWuxdShwbxKqDuexX","previousCounter":0,"rootKey":"VRdAMZJA55i1JyDDkwbEDM5VVPtUsgfAtivDCeebvCM="},"indexInfo":{"baseKey":"BbeQAGtuvP24g8EzQ68zGKPTyr74ZTLyxfCT6ecnNUVt","baseKeyType":2,"closed":-1,"used":1703404516178,"created":1703404516178,"remoteIdentityKey":"BfFzCAjccoAZeQwaA0t9kLCD59k1cLXDEjl2ZAz5eOET"},"_chains":{"Bdav1/FF2m/t3kV/t1gLXZDuiPJjWuxdShwbxKqDuexX":{"chainKey":{"counter":0,"key":"DTEgXLj+ZVUCTqycrIDxNuPuHNNIWPzWoXKAYB6vRaw="},"chainType":2,"messageKeys":{}},"BQ+Cs3sXFRU7iu9ajbAJipCbaqcr3pmf1eR9h0Yu1Ldz":{"chainKey":{"counter":-1,"key":"FDrZ82MoawA4carEzuQeAe/bHtootaWsDZdnGME+Dbk="},"chainType":1,"messageKeys":{}}}}},"version":"v1"}