{"_sessions":{"BbwQeYoTy5bfjnRK92P8tNNtBK6wKz3rwhgDDe8BblpK":{"registrationId":552422227,"currentRatchet":{"ephemeralKeyPair":{"pubKey":"BUkeUxNfLQ1i0z1oojgnT6go2YAHbik2osv4puGKnQxx","privKey":"eBz3ijGBvGrVMb+yam8feN/bGjBmhSKjoLJe1Ait2Uw="},"lastRemoteEphemeralKey":"BVXbfeVTIRAZaS2dbMA3XWvyOK6V2N5b/oidxzseg2sg","previousCounter":0,"rootKey":"tBIReETvl0TbeP0k05aJRCDOXacviqS10xOahNiUXsQ="},"indexInfo":{"baseKey":"BbwQeYoTy5bfjnRK92P8tNNtBK6wKz3rwhgDDe8BblpK","baseKeyType":2,"closed":-1,"used":1703408075244,"created":1703408075244,"remoteIdentityKey":"BSoE7iwyIKpKRHvADKQuaPvhSh4hBtZ4TiLC3YUGiEYQ"},"_chains":{"BVXbfeVTIRAZaS2dbMA3XWvyOK6V2N5b/oidxzseg2sg":{"chainKey":{"counter":0,"key":"X9DYb+gqa36IRO30P6WP6FcmLSMr5y9mSmVCPRTHxjg="},"chainType":2,"messageKeys":{}},"BUkeUxNfLQ1i0z1oojgnT6go2YAHbik2osv4puGKnQxx":{"chainKey":{"counter":-1,"key":"9GNAwd2KQYGAHKVEXYSkoy2BWUWxtpv4jnK0rFexhrE="},"chainType":1,"messageKeys":{}}}}},"version":"v1"}