{"_sessions":{"BbzPMVet0F3Fy9G8C4Rjn16SLh/vJCnLfkPcL3qYw9ZB":{"registrationId":578960640,"currentRatchet":{"ephemeralKeyPair":{"pubKey":"BXMckxgUd/Jzi0N3YtzK4/lXBu3oT8dlAwexDgStdstQ","privKey":"0BQ0w2uu5SNuzk4BHJUZcwuEdx17VhOSOPz3MreeznU="},"lastRemoteEphemeralKey":"BU54yaCw53RT4Be4+qQUQ9E8IafIRnZKG7la3CRR/nRs","previousCounter":0,"rootKey":"IDBAwjOeS+BFu1TIvzY1fx8/UbqcAZwtFNnNUQhRmHc="},"indexInfo":{"baseKey":"BbzPMVet0F3Fy9G8C4Rjn16SLh/vJCnLfkPcL3qYw9ZB","baseKeyType":2,"closed":-1,"used":1703403526835,"created":1703403526835,"remoteIdentityKey":"BTBcDAf45yCHE6oVsRemGEg23gPRBKxgTVVp2LvdW0lQ"},"_chains":{"BU54yaCw53RT4Be4+qQUQ9E8IafIRnZKG7la3CRR/nRs":{"chainKey":{"counter":3,"key":"4bFFN6EeWQv8iG1mo3zCGJuoba9MgBp/VtEPe85hv3U="},"chainType":2,"messageKeys":{}},"BXMckxgUd/Jzi0N3YtzK4/lXBu3oT8dlAwexDgStdstQ":{"chainKey":{"counter":-1,"key":"wKyqGhEWGNaQfOOAcrNY0FAzD2xr/+uBlMFW6HgBCs0="},"chainType":1,"messageKeys":{}}}}},"version":"v1"}