{"_sessions":{"Bf77pIytlKX0BpYznBzEKF4EHwy66yL7wBO984HwEJZC":{"registrationId":10041625,"currentRatchet":{"ephemeralKeyPair":{"pubKey":"BaY66xI0ejRvvnI8Ol/GE8JY9ZP5QhYL3Skt7kPb3ZMb","privKey":"8POw2/+5+TGC5LJqEadaJCAD+/tWBmKukjiqdljvaWM="},"lastRemoteEphemeralKey":"BV1IdYwQotWnYWkH92ZFloyG/A1ZOJRkVoMVa2bj7a8d","previousCounter":1,"rootKey":"AGLh2JIzW6AVNPVynLxqEZEADyjvaw4KFekc0lH+M0k="},"indexInfo":{"baseKey":"Bf77pIytlKX0BpYznBzEKF4EHwy66yL7wBO984HwEJZC","baseKeyType":2,"closed":-1,"used":1703408114681,"created":1703400688302,"remoteIdentityKey":"BdK2wL1aHay5MHMx21FW7AHJsA2/23k0ztdzk6Zy8J1z"},"_chains":{"BYUsdBXYnXggfy1PxcX06kok3TuKSrY66Ssuhs0a6Gwm":{"chainKey":{"counter":4},"chainType":2,"messageKeys":{}},"BVVS/BUcdyC6wINxcUG1R0Wm6EJZsuUNLn/ZA20XZ5AG":{"chainKey":{"counter":1},"chainType":2,"messageKeys":{}},"BfkYvmA/fJhqfnyUmOIwqrsIYV02P9tmIE4enP4YSTVQ":{"chainKey":{"counter":0},"chainType":2,"messageKeys":{}},"BY1ISoQN5ppDqOC/iP2sjm5ykFfcUmRzSlyL7cKmevVV":{"chainKey":{"counter":3},"chainType":2,"messageKeys":{}},"BYFz7FjeUKnKkSMQTN1j9s0AV3FoWNk/HdhMINtAM9VA":{"chainKey":{"counter":0},"chainType":2,"messageKeys":{}},"BVOa0hyBONBAPljH2D5DIhvFNrIAvAFnYyvx8U7ULtt3":{"chainKey":{"counter":2},"chainType":2,"messageKeys":{}},"BcM/RiAhc+XlYdHTIeuM8lD/+59Ix/aj7ttqkL6Ha/JE":{"chainKey":{"counter":1},"chainType":2,"messageKeys":{}},"BV/OY8Qfj5lRutqWH32P8jBmQ9xmVwETdn0ilvrbDgJe":{"chainKey":{"counter":0},"chainType":2,"messageKeys":{}},"BQIreV79PjYBwteJ5lBLoea7JystpPIbi6a9MOCH/mMz":{"chainKey":{"counter":1},"chainType":2,"messageKeys":{}},"BSHddnnVoumLEqIok9XCEEpNiOEBi874S9WHEa7t19gX":{"chainKey":{"counter":4},"chainType":2,"messageKeys":{}},"BYTDiXo10/7K4wilHSzTcpx+g4kgxZu1ZZN38uGyDoFi":{"chainKey":{"counter":1},"chainType":2,"messageKeys":{}},"BYVvOsa5jg5ve0ji6xunKnYYf3IUREjMz/ZbHZ8zRS9O":{"chainKey":{"counter":1},"chainType":2,"messageKeys":{}},"BUth3S4AgonNu+ECWmZGnzzMiM9qRUG8+/i+hZvpzWFG":{"chainKey":{"counter":1},"chainType":2,"messageKeys":{}},"BZFLBxCR8oJVeU3Bu+MbmhFhc6NoSHW1X9lvm50JblhS":{"chainKey":{"counter":2},"chainType":2,"messageKeys":{}},"BV1IdYwQotWnYWkH92ZFloyG/A1ZOJRkVoMVa2bj7a8d":{"chainKey":{"counter":0,"key":"1DVpz7XEc6DFjTJycBBngDNV8hLlCUDd5K465H2ki9E="},"chainType":2,"messageKeys":{}},"BaY66xI0ejRvvnI8Ol/GE8JY9ZP5QhYL3Skt7kPb3ZMb":{"chainKey":{"counter":-1,"key":"PRpEicoBALItxWKx53ygJpN3pOqrKpmowjH3cZ+rLC4="},"chainType":1,"messageKeys":{}}}}},"version":"v1"}