{"_sessions":{"Bd2KE1O3xvqWX7cwONPmG819IknSutJQfspT0O15qEEW":{"registrationId":1241693590,"currentRatchet":{"ephemeralKeyPair":{"pubKey":"BSY0GG/IX3rQjDchZy+EjjhniVsA7YvcAgzUkXl04Akd","privKey":"CKXZ/eYRdGQ7KvMwLTsj3PNMYKvky+vnzVgt41x7qFc="},"lastRemoteEphemeralKey":"BfcC3MwK577xWEioS/5uU5XiToBWUKiht6VRH0wLFGRm","previousCounter":0,"rootKey":"XTd7qg/rvUYY/3glQJ3Q4aWQv0J0MOpoVy2WPObdJTU="},"indexInfo":{"baseKey":"Bd2KE1O3xvqWX7cwONPmG819IknSutJQfspT0O15qEEW","baseKeyType":2,"closed":-1,"used":1703401357569,"created":1703401357569,"remoteIdentityKey":"BYdTAnq4kDsByM4XPMt5M2NJgqnvK/787gfj6OLCTwoB"},"_chains":{"BfcC3MwK577xWEioS/5uU5XiToBWUKiht6VRH0wLFGRm":{"chainKey":{"counter":0,"key":"A9eAKmhCIgldCK94Wt8NNr/3Kw3f7R5v2sKfLPdmMoc="},"chainType":2,"messageKeys":{}},"BSY0GG/IX3rQjDchZy+EjjhniVsA7YvcAgzUkXl04Akd":{"chainKey":{"counter":-1,"key":"O44hDdP99prOUU0gy2yVvRhGwBI9aZ/Rcpt5J9FZZmU="},"chainType":1,"messageKeys":{}}}}},"version":"v1"}