{"_sessions":{"BY5GUjPLgKp4u36FKfbsPoGnsFL30AyxgcIwwSMBftc3":{"registrationId":1383598668,"currentRatchet":{"ephemeralKeyPair":{"pubKey":"BXCvzxGqh+Gs68T2bOPYDp8heepovcWOM94JgoXbutVa","privKey":"aN50H0W042qvnRaQvm6Qwsp1vjrKvrTb0ILp9/DGO04="},"lastRemoteEphemeralKey":"BdCIb2oM/APAXUiubQheVw+KreRlmvjga15z+hqYddF4","previousCounter":0,"rootKey":"UlgNwVS6hyQX85BCemh4htPky1ahpJwXYl3CmGq7ctU="},"indexInfo":{"baseKey":"BY5GUjPLgKp4u36FKfbsPoGnsFL30AyxgcIwwSMBftc3","baseKeyType":2,"closed":-1,"used":1703403450292,"created":1703403450292,"remoteIdentityKey":"Bax5nAzk5Lh3gnCEc7wdGFM61SW837qkjcNZhGAZczFp"},"_chains":{"BdCIb2oM/APAXUiubQheVw+KreRlmvjga15z+hqYddF4":{"chainKey":{"counter":0,"key":"jjuCvR5GGAw4lIMJdZO6tYUUhDR8g6YABlwqc0va6bk="},"chainType":2,"messageKeys":{}},"BXCvzxGqh+Gs68T2bOPYDp8heepovcWOM94JgoXbutVa":{"chainKey":{"counter":-1,"key":"nIUmLDFKz3P3BnDd5fQb4h1KXCjrBHIkFmLyRgmTGr4="},"chainType":1,"messageKeys":{}}}}},"version":"v1"}