{"_sessions":{"BfhShP9jeyC9q0tYZ/wummYgI7YpXjJlSVPC3GdqB7Bb":{"registrationId":538932341,"currentRatchet":{"ephemeralKeyPair":{"pubKey":"Bb+GS/7cB3iDrtVKTXZWInycObp0zVanZekSBnDUW0AL","privKey":"EH5UMIHyH/dJFNhzBaLS4WDfvQ75HImpUVNBnDfElmo="},"lastRemoteEphemeralKey":"BeEbVNyTLHxNlphpZr4i9whVZSFB5i8Y572RmgK8y/Bc","previousCounter":0,"rootKey":"N+IwtAjzU68IRQY0o+rUTuC+v5tRMi19Y8B8hb5gJug="},"indexInfo":{"baseKey":"BfhShP9jeyC9q0tYZ/wummYgI7YpXjJlSVPC3GdqB7Bb","baseKeyType":2,"closed":-1,"used":1703403777696,"created":1703403777696,"remoteIdentityKey":"BRTw/dqsUzKK2UyOF2YfHMphXT8oCSxTO+BBG0+s2mhV"},"_chains":{"BeEbVNyTLHxNlphpZr4i9whVZSFB5i8Y572RmgK8y/Bc":{"chainKey":{"counter":0,"key":"foQluO2mNdSsDp2B2uKfB5gnPL93F0BVAg7pcXWifQA="},"chainType":2,"messageKeys":{}},"Bb+GS/7cB3iDrtVKTXZWInycObp0zVanZekSBnDUW0AL":{"chainKey":{"counter":-1,"key":"Yh1JMVoD7LfmJvrmKdJjyGnEJ0m4pn7qbvaSZDWLkgo="},"chainType":1,"messageKeys":{}}}}},"version":"v1"}