{"_sessions":{"BbZ3L0il+F+V1uV0eJf3QlTua9i0fpf7TeiV3kiIKN4x":{"registrationId":1171635521,"currentRatchet":{"ephemeralKeyPair":{"pubKey":"Bb+PoY0cI4f/ljuJavz3SfNhEDeCEx6GecPUvtjxNXQh","privKey":"yIJzQDSv9xtON0z5i2i+mXIwvVelJ9xx8xJNe/PjXnQ="},"lastRemoteEphemeralKey":"BRY/RjxG+/IhOLCiRChTlbP4ZU+XX3pux9rTBvKjHyIi","previousCounter":0,"rootKey":"OXshu60Qjw9y0Dd+SI7zZY09XVOr8syOpV8+fSPgayA="},"indexInfo":{"baseKey":"BbZ3L0il+F+V1uV0eJf3QlTua9i0fpf7TeiV3kiIKN4x","baseKeyType":2,"closed":-1,"used":1703408074282,"created":1703408074282,"remoteIdentityKey":"BRe5jnQr3MoBC7aTBQgFDi2bUE0sasn1OmUQ4n2/+cQi"},"_chains":{"BRY/RjxG+/IhOLCiRChTlbP4ZU+XX3pux9rTBvKjHyIi":{"chainKey":{"counter":0,"key":"LBflcI4Ika8pc7yO6r9SYu80bxtbfuGUx7mWut4JErQ="},"chainType":2,"messageKeys":{}},"Bb+PoY0cI4f/ljuJavz3SfNhEDeCEx6GecPUvtjxNXQh":{"chainKey":{"counter":-1,"key":"9tYhYaaMu4UOyJr7Ti5299WVpITLAFP9m8wJLp2d8bI="},"chainType":1,"messageKeys":{}}}}},"version":"v1"}