{"_sessions":{"BRpwdg8jKlRFm2qZ4g9poSNibUiyi0wA49FHbhRnDP8+":{"registrationId":1347114050,"currentRatchet":{"ephemeralKeyPair":{"pubKey":"Bb9SdVwyEuFt3i9JJoUSW1f0Uq9ELFQc/OPcl1hIQz9A","privKey":"UDk2wlSpQkYT1BRO+nEn+8gG3oiCfTIbwMJ5dRnMp20="},"lastRemoteEphemeralKey":"BYawVZyvJYQFMO6hmf5HuZS6E09CGbf+lrzo0WOh2dZL","previousCounter":0,"rootKey":"XeIjZcSFqx39j4MelQ2x0xs+4duIJOpdneCQlpoJzFw="},"indexInfo":{"baseKey":"BRpwdg8jKlRFm2qZ4g9poSNibUiyi0wA49FHbhRnDP8+","baseKeyType":2,"closed":-1,"used":1703403671716,"created":1703403671716,"remoteIdentityKey":"Bbfg9kt2HSBBr9B8YcbMxIYym2nYlyqFo60QYpmnNLY+"},"_chains":{"BYawVZyvJYQFMO6hmf5HuZS6E09CGbf+lrzo0WOh2dZL":{"chainKey":{"counter":0,"key":"dIRhyhb1VKb6/F8aHKni+RUF6NGuw+tC1PaZVgH0CEc="},"chainType":2,"messageKeys":{}},"Bb9SdVwyEuFt3i9JJoUSW1f0Uq9ELFQc/OPcl1hIQz9A":{"chainKey":{"counter":-1,"key":"E/NNLeKhzAYhRFtWgXuos37a0s0TVlJ/AKodoHkfH/Y="},"chainType":1,"messageKeys":{}}}}},"version":"v1"}